country,region,project_id,code,year,work_type,length_km,cost_million_usd,unit_cost_million_usd_per_km
Afghanistan,South Asia,P078284,P078284C2,2008,Upgrading,61.0,28.03,0.4595081967213115
Afghanistan,South Asia,P082472,P082472C1,2008,Reconstruction,1516.7,37.61,0.02479725720313839
Albania,Europe and Central Asia,P078949,P078949C1S1,2011,New 4L Expressway,9.0,14.48,1.608888888888889
Albania,Europe and Central Asia,P078949,P078949C1S2,2011,New 4L Expressway,9.0,10.32,1.1466666666666667
Albania,Europe and Central Asia,P078949,P078949C1S3,2011,New 4L Expressway,8.0,13.64,1.705
Albania,Europe and Central Asia,P107833,P107833C1S1,2013,Reconstruction,10.9,1.79,0.16422018348623854
Albania,Europe and Central Asia,P107833,P107833C1S2,2013,Reconstruction,6.6,2.01,0.3045454545454545
Albania,Europe and Central Asia,P107833,P107833C1S3,2013,Reconstruction,10.5,2.14,0.20380952380952383
Albania,Europe and Central Asia,P107833,P107833C2S1,2013,Reconstruction,12.6,1.45,0.11507936507936507
Albania,Europe and Central Asia,P107833,P107833C2S2,2013,Reconstruction,9.8,1.93,0.19693877551020406
Albania,Europe and Central Asia,P107833,P107833C2S3,2013,Reconstruction,12.8,2.81,0.21953124999999998
Albania,Europe and Central Asia,P107833,P107833C2S4,2013,Reconstruction,11.5,2.92,0.2539130434782609
Albania,Europe and Central Asia,P107833,P107833C2S5,2013,Reconstruction,11.8,2.19,0.18559322033898304
Albania,Europe and Central Asia,P107833,P107833C2S6,2013,Reconstruction,9.0,1.64,0.1822222222222222
Albania,Europe and Central Asia,P107833,P107833C2S7,2013,Reconstruction,7.8,1.97,0.25256410256410255
Albania,Europe and Central Asia,P107833,P107833C2S8,2013,Reconstruction,5.4,0.86,0.15925925925925924
Angola,Sub-Saharan Africa,P095229,P095229C1S1,2014,Reconstruction,200.0,20.0,0.1
Armenia,Europe and Central Asia,P115486,P115486C1,2014,Reconstruction,446.0,116.598226,0.26143099999999997
Azerbaijan,Europe and Central Asia,P040716,P040716C1S1,2009,Reconstruction,21.3,7.5,0.352112676056338
Azerbaijan,Europe and Central Asia,P040716,P040716C1S2,2009,Reconstruction,72.7,30.8,0.4236588720770289
Azerbaijan,Europe and Central Asia,P094488,P094488C1S2,2005,Reconstruction,124.0,142.5,1.1491935483870968
Bangladesh,South Asia,P071435,P071435C2,2013,Upgrading,515.0,25.507887978476216,0.04952987956985673
Belize,Latin America and Caribbean,P040150,P040150C1S1,2006,Upgrading,20.0,8.68,0.434
Benin,Sub-Saharan Africa,AfDB-P-BJ-DB0-010 ,AfDB-P-BJ-DB0-010 C1,2011,New 2L Highway,125.0,42.339825371932356,0.33871860297545886
Benin,Sub-Saharan Africa,"AfDB loan number: F/BEN/ROD/92/27
","AfDB loan number: F/BEN/ROD/92/27
C1",1999,New 2L Highway,2.3,9.962805957543567,4.331654764149378
Bhutan,South Asia,P059481,P059481C1,2006,New 1L Road,128.76,12.6,0.097856477166822
Bhutan,South Asia,P100332,P100332C1,2013,New 1L Road,90.0,10.84,0.12044444444444444
Bhutan,South Asia,P100332,P100332C1S1,2013,New 1L Road,11.83,1.66,0.14032121724429417
Bhutan,South Asia,P100332,P100332C1S2,2013,New 1L Road,26.1,3.19,0.12222222222222222
Bhutan,South Asia,P100332,P100332C1S3,2013,New 1L Road,29.0,4.04,0.1393103448275862
Bolivia,Latin America and Caribbean,P068968,P068968C1,2011,Reconstruction,353.0,42.5,0.12039660056657224
Brazil,Latin America and Caribbean,P106663,P106663C1,2015,Reconstruction,6409.0,1010.25,0.15762989545951006
Bulgaria,Europe and Central Asia,P094018,P094018C1,2014,New 4L Expressway,3.4,14.71,4.326470588235295
Burkina Faso,Sub-Saharan Africa,P074030,P074030C1,2014,Reconstruction,2678.0,130.1,0.048581030619865566
Burkina Faso,Sub-Saharan Africa,AfDB loan number: F/BUF/RTE/92/19,AfDB loan number: F/BUF/RTE/92/19C1,1999,Upgrading,134.4,7.312121359775211,0.05440566487927984
Burundi,Sub-Saharan Africa,P064876,P064876C1,2016,Reconstruction,161.8,42.388,0.2619777503090235
Burundi,Sub-Saharan Africa,P064876,P064876C2,2016,Gravel Resurfacing,355.0,8.119,0.022870422535211266
Cambodia,East Asia and Pacific,P071207,P071207C1S1,2012,Upgrading,19.8,1.61,0.08131313131313131
Cambodia,East Asia and Pacific,P071207,P071207C1S10,2012,Upgrading,8.0,0.42,0.0525
Cambodia,East Asia and Pacific,P071207,P071207C1S2,2012,Upgrading,12.0,1.29,0.1075
Cambodia,East Asia and Pacific,P071207,P071207C1S3,2012,Upgrading,13.5,0.95,0.07037037037037036
Cambodia,East Asia and Pacific,P071207,P071207C1S4,2012,Upgrading,15.2,1.06,0.06973684210526317
Cambodia,East Asia and Pacific,P071207,P071207C1S5,2012,Upgrading,15.5,1.31,0.08451612903225807
Cambodia,East Asia and Pacific,P071207,P071207C1S6,2012,Upgrading,18.5,1.49,0.08054054054054054
Cambodia,East Asia and Pacific,P071207,P071207C1S7,2012,Upgrading,29.0,1.1,0.03793103448275863
Cambodia,East Asia and Pacific,P071207,P071207C1S8,2012,Upgrading,12.6,0.71,0.05634920634920635
Cambodia,East Asia and Pacific,P071207,P071207C1S9,2012,Reconstruction,17.0,0.63,0.03705882352941176
Cameroon,Sub-Saharan Africa,AfDB loan number: B/CAM/RTE/89/16,AfDB loan number: B/CAM/RTE/89/16C1S1,1998,Upgrading,15.8,4.0727349775404695,0.25776803655319425
Cape Verde,Sub-Saharan Africa,P087004,P087004C1S1,2014,Upgrading,3.0,0.75,0.25
Cape Verde,Sub-Saharan Africa,P087004,P087004C1S2,2014,Upgrading,11.0,4.18,0.37999999999999995
Cape Verde,Sub-Saharan Africa,P087004,P087004C1S3,2014,Upgrading,27.0,12.06,0.4466666666666667
Chad,Sub-Saharan Africa,P035672,P035672C1S2,2009,Upgrading,286.0,44.0,0.15384615384615385
China,East Asia and Pacific,P045915,P045915C1,2008,New 6L Expressway,31.25,216.4,6.9248
China,East Asia and Pacific,P058845,P058845C1S1,2007,New 4L Expressway,128.0,271.0,2.1171875
China,East Asia and Pacific,P058845,P058845C2,2007,Upgrading,182.0,26.8,0.14725274725274726
China,East Asia and Pacific,P070519,P070519C1S1,2013,New 6L Expressway,11.6,326.25,28.125
China,East Asia and Pacific,P070519,P070519C1S2,2013,New 4L Expressway,4.1,32.68,7.970731707317074
China,East Asia and Pacific,P076714,P076714C1,2009,New 4L Expressway,116.12,510.2489019033675,4.394151755971128
China,East Asia and Pacific,P076714,P076714C1S1,2009,New 4L Expressway,65.09,236.896046852123,3.6395152381644333
China,East Asia and Pacific,P076714,P076714C1S2,2009,New 4L Expressway,41.3,216.5446559297218,5.24321200798358
China,East Asia and Pacific,P076714,P076714C1S3,2009,New 4L Expressway,9.73,56.66178623718887,5.823410712969051
China,East Asia and Pacific,P076714,P076714C2,2009,Upgrading,233.5,52.781844802342604,0.22604644454964712
China,East Asia and Pacific,P076714,P076714C2S1,2009,Upgrading,74.1,14.39238653001464,0.19422923792192498
China,East Asia and Pacific,P076714,P076714C2S2,2009,Upgrading,39.0,9.721815519765741,0.24927732101963437
China,East Asia and Pacific,P076714,P076714C2S3,2009,Upgrading,36.4,10.893118594436311,0.2992614998471514
China,East Asia and Pacific,P076714,P076714C2S4,2009,Upgrading,32.7,9.575402635431919,0.29282576866764276
China,East Asia and Pacific,P076714,P076714C2S5,2009,Upgrading,51.3,8.199121522693996,0.1598269302669395
China,East Asia and Pacific,P081749,P081749C1,2010,New 4L Expressway,106.4,600.1479,5.640487781954888
China,East Asia and Pacific,P081749,P081749C2S1,2010,Upgrading,85.18,21.961932650073205,0.2578296859600047
China,East Asia and Pacific,P091020,P091020C1,2015,New 4L Expressway,195.0,1164.65,5.972564102564103
China,East Asia and Pacific,P099112,P099112C2,2012,Upgrading,320.6,214.771,0.6699033063006862
China,East Asia and Pacific,P058844,P058844C1,2007,New 4L Expressway,95.0,267.5,2.8157894736842106
China,East Asia and Pacific,P058844,P058844C2,2007,Upgrading,373.0,38.9,0.10428954423592493
China,East Asia and Pacific,P058847,P058847C2,2010,Upgrading,620.0,51.84,0.08361290322580646
China,East Asia and Pacific,P068752,P068752C2,2011,Upgrading,690.0,117.02,0.1695942028985507
China,East Asia and Pacific,P068752,P068752C2S1,2011,Upgrading,74.2,18.33103448275862,0.24704898224742075
China,East Asia and Pacific,P068752,P068752C2S2,2011,Upgrading,135.9,17.682758620689654,0.13011595747380172
China,East Asia and Pacific,P068752,P068752C2S3,2011,Upgrading,118.0,31.779310344827586,0.26931618936294566
China,East Asia and Pacific,P068752,P068752C2S4,2011,Upgrading,81.7,9.62758620689655,0.11784071244671421
China,East Asia and Pacific,P068752,P068752C2S5,2011,Upgrading,21.5,2.3310344827586205,0.10842020850040095
China,East Asia and Pacific,P069852,P069852C2,2010,Reconstruction,70.83000000000001,51.71,0.7300578850769447
China,East Asia and Pacific,P070441,P070441C1,2008,New 4L Expressway,243.5,802.61,3.296139630390144
China,East Asia and Pacific,P070441,P070441C2,2008,Upgrading,259.0,42.0,0.16216216216216217
China,East Asia and Pacific,P070459,P070459C1,2008,New 4L Expressway,90.0,169.05,1.8783333333333334
China,East Asia and Pacific,P070459,P070459C2,2008,Upgrading,664.0,81.65,0.12296686746987953
China,East Asia and Pacific,P070459,P070459C2S1,2008,Upgrading,70.0,9.22705314009662,0.13181504485852313
China,East Asia and Pacific,P070459,P070459C2S2,2008,Upgrading,54.0,5.2898550724637685,0.09796027911969941
China,East Asia and Pacific,P070459,P070459C2S3,2008,Upgrading,86.0,6.183574879227053,0.07190203347938434
China,East Asia and Pacific,P070459,P070459C2S4,2008,Upgrading,48.0,8.309178743961354,0.17310789049919487
China,East Asia and Pacific,P075613,P075613C1,2013,New 4L Expressway,87.0,1096.66,12.60528735632184
China,East Asia and Pacific,P075613,P075613C2,2013,Upgrading,1480.0,77.59,0.05242567567567568
China,East Asia and Pacific,P093906,P093906C1,2011,New 4L Expressway,117.1,715.06,6.106404782237404
China,East Asia and Pacific,P093906,P093906C2,2011,Upgrading,39.0,16.7,0.4282051282051282
China,East Asia and Pacific,P101258,P101258C1,2016,New 4L Expressway,173.6,2000.66,11.524539170506912
China,East Asia and Pacific,Project number: 42017-013,Project number: 42017-013C1S1,2016,New 4L Expressway,206.26,86.03313253012048,0.41711011601920145
China,East Asia and Pacific,Project number: 42017-013,Project number: 42017-013C1S2,2016,Upgrading,127.92,7.115963855421687,0.05562823526752413
China,East Asia and Pacific,Project number: 42017-013,Project number: 42017-013C1S3,2016,New 2L Highway,12.88,14.926204819277109,1.1588668337948065
Croatia,Europe and Central Asia,P043195,P043195C3,2013,New 4L Expressway,6.36,117.4,18.459119496855347
Djibouti,Middle East and North Africa,P069930,P069930C1,2006,Reconstruction,98.0,13.7,0.13979591836734692
Estonia,Europe and Central Asia,P035775,P035775C1,2005,Reconstruction,240.0,49.29,0.205375
Ethiopia,Sub-Saharan Africa,P044613,P044613C1S1,2010,Upgrading,127.0,49.72,0.39149606299212597
Ethiopia,Sub-Saharan Africa,P044613,P044613C1S3,2010,Upgrading,98.9,33.33,0.3370070778564206
Ethiopia,Sub-Saharan Africa,P044613,P044613C1S4,2010,Upgrading,108.0,43.75,0.4050925925925926
Ethiopia,Sub-Saharan Africa,P044613,P044613C2,2010,New 1L Road,99.0,19.43,0.19626262626262625
Ethiopia,Sub-Saharan Africa,P082998,P082998C1S1,2012,Upgrading,246.0,196.53,0.7989024390243903
Ethiopia,Sub-Saharan Africa,P082998,P082998C1S2,2012,Upgrading,86.0,48.69,0.5661627906976744
Ethiopia,Sub-Saharan Africa,P082998,P082998C1S3,2012,Upgrading,108.0,79.18,0.7331481481481482
Ethiopia,Sub-Saharan Africa,P082998,P082998C1S4,2007,Upgrading,83.0,108.85,1.3114457831325301
Ethiopia,Sub-Saharan Africa,P082998,P082998C2S1,2012,New 2L Highway,119.0,77.48,0.6510924369747899
Ethiopia,Sub-Saharan Africa,P082998,P082998C2S2,2012,New 2L Highway,137.0,70.6,0.5153284671532846
Ethiopia,Sub-Saharan Africa,P091077,P091077C1,2015,Upgrading,499.63,402.34,0.8052759041690851
Ethiopia,Sub-Saharan Africa,P091077,P091077C1S1,2015,Upgrading,99.0,83.58,0.8442424242424242
Ethiopia,Sub-Saharan Africa,P091077,P091077C1S2,2015,Reconstruction,66.0,55.81,0.8456060606060607
Ethiopia,Sub-Saharan Africa,P091077,P091077C1S3,2015,Reconstruction,65.0,48.6,0.7476923076923078
Ethiopia,Sub-Saharan Africa,P091077,P091077C1S4,2015,Upgrading,94.1,80.6,0.8565356004250797
Ethiopia,Sub-Saharan Africa,P091077,P091077C1S5,2015,Upgrading,109.0,88.85,0.815137614678899
Ethiopia,Sub-Saharan Africa,P091077,P091077C1S6,2015,Upgrading,65.26,33.06,0.5065890285013791
Guinea,Sub-Saharan Africa,P065127,P065127C1,2013,Upgrading,800.0,19.0,0.02375
Haiti,Latin America and Caribbean,P095523,P095523C1S1,2014,Upgrading,8.0,8.08,1.01
Haiti,Latin America and Caribbean,P095523,P095523C1S2,2014,Upgrading,40.0,8.17,0.20425
Honduras,Latin America and Caribbean,P057538,P057538C1S3,2007,Upgrading,46.6,18.5,0.3969957081545064
Honduras,Latin America and Caribbean,P057538,P057538C1S4,2007,Upgrading,47.0,14.5,0.30851063829787234
Honduras,Latin America and Caribbean,P057538,P057538C2,2007,Reconstruction,102.0,4.9,0.04803921568627451
Honduras,Latin America and Caribbean,P109058,P109058C1S1,2015,Upgrading,46.4,18.3,0.39439655172413796
Honduras,Latin America and Caribbean,P109058,P109058C1S2,2015,Upgrading,30.5,22.1,0.7245901639344263
Honduras,Latin America and Caribbean,P109058,P109058C1S3,2015,Upgrading,22.0,20.26,0.920909090909091
India,South Asia,P067606,P067606C1,2011,Upgrading,685.0,217.0,0.3167883211678832
India,South Asia,P073776,P073776C1,2010,New 4L Expressway,84.8,301.36,3.553773584905661
India,South Asia,P050649,P050649C2,2012,Reconstruction,1330.0,106.18,0.07983458646616542
India,South Asia,P070421,P070421C1S11,2008,New 2L Highway,50.0,2.1,0.042
India,South Asia,P077977,P077977C1S1,2012,Upgrading,984.0,39.415677813736075,0.040056583144040724
India,South Asia,P077977,P077977C1S2,2012,Upgrading,126.0,5.546565983459187,0.04402036494808879
India,South Asia,P077977,P077977C1S3,2012,Upgrading,6287.0,190.92592592592592,0.030368367413062817
India,South Asia,P077977,P077977C1S4,2012,Upgrading,2227.9,123.59403092412802,0.055475573824735405
Indonesia,East Asia and Pacific,P040578,P040578C1S2,2006,Reconstruction,1705.0,145.96,0.08560703812316715
Indonesia,East Asia and Pacific,P074290,P074290C1,2012,Reconstruction,1543.0,184.47,0.11955281918340895
Indonesia,East Asia and Pacific,P074290,P074290C1S2,2012,Reconstruction,392.2,68.69,0.17514023457419683
Indonesia,East Asia and Pacific,P074290,P074290C1S4,2012,Reconstruction,19.5,6.25,0.32051282051282054
Indonesia,East Asia and Pacific,P074290,P074290C1S6,2012,Reconstruction,179.2,31.94,0.17823660714285716
Indonesia,East Asia and Pacific,P074290,P074290C1S8,2012,Reconstruction,458.9,41.28,0.08995423839616475
Indonesia,East Asia and Pacific,P079906,P079906C1,2014,Reconstruction,228.41,208.8,0.9141456153408345
Indonesia,East Asia and Pacific,P079906,P079906C1S3,2014,New 2L Highway,37.1,42.6,1.1482479784366577
Iraq,Middle East and North Africa,P087735,P087735C1S10,2014,Reconstruction,41.0,18.3,0.44634146341463415
Iraq,Middle East and North Africa,P087735,P087735C1S9,2014,Reconstruction,41.0,18.3,0.44634146341463415
Iraq,Middle East and North Africa,P087735,P087735C2S2,2014,Reconstruction,17.1,2.0,0.11695906432748537
Jordan,Middle East and North Africa,P081505,P081505C1S1,2013,New 4L Expressway,18.5,116.1,6.275675675675675
Jordan,Middle East and North Africa,P081505,P081505C1S2,2013,New 4L Expressway,14.5,77.0,5.310344827586207
Jordan,Middle East and North Africa,P081505,P081505C1S3,2013,New 4L Expressway,7.0,86.8,12.4
Kenya,Sub-Saharan Africa,P082615,P082615C1S2,2016,Reconstruction,33.0,65.23,1.9766666666666668
Kenya,Sub-Saharan Africa,P082615,P082615C1S4,2016,Reconstruction,100.0,138.04,1.3803999999999998
Kenya,Sub-Saharan Africa,P082615,P082615C1S5,2016,Reconstruction,133.0,171.68,1.2908270676691729
Kenya,Sub-Saharan Africa,AfDB project P-KE-DB0-019,AfDB project P-KE-DB0-019C1,2017,Reconstruction,73.0,48.382290716842405,0.66277110571017
Kyrgyz Republic,Europe and Central Asia,P107608,P107608C1S1,2015,Upgrading,32.0,24.1,0.753125
Kyrgyz Republic,Europe and Central Asia,P107608,P107608C1S2,2011,Upgrading,18.1,14.5,0.8011049723756906
Lao PDR,East Asia and Pacific,P064821,P064821C1S11,2005,Gravel Resurfacing,50.0,0.46,0.0092
Lao PDR,East Asia and Pacific,P064821,P064821C1S3,2005,Gravel Resurfacing,45.0,0.34,0.007555555555555556
Lao PDR,East Asia and Pacific,P064821,P064821C1S7,2005,Gravel Resurfacing,40.0,0.37,0.00925
Lao PDR,East Asia and Pacific,P083543,P083543C1S14,2011,Gravel Resurfacing,24.0,0.123885,0.005161875
Lao PDR,East Asia and Pacific,P083543,P083543C1S15,2011,Gravel Resurfacing,19.0,0.137137,0.007217736842105264
Lao PDR,East Asia and Pacific,P083543,P083543C1S16,2011,Gravel Resurfacing,57.0,0.356541,0.006255105263157894
Lao PDR,East Asia and Pacific,P083543,P083543C1S19,2011,Gravel Resurfacing,32.0,0.395078,0.0123461875
Lao PDR,East Asia and Pacific,P083543,P083543C1S21,2011,Gravel Resurfacing,53.0,0.129987,0.0024525849056603773
Lao PDR,East Asia and Pacific,P083543,P083543C1S24,2011,Gravel Resurfacing,26.0,0.163276,0.006279846153846154
Lao PDR,East Asia and Pacific,P083543,P083543C1S25,2011,Gravel Resurfacing,30.0,0.107241,0.0035747
Lao PDR,East Asia and Pacific,P083543,P083543C1S27,2011,Gravel Resurfacing,16.0,0.160038,0.010002375
Lao PDR,East Asia and Pacific,P083543,P083543C1S28,2011,Gravel Resurfacing,38.3,0.3425935,0.008945
Lao PDR,East Asia and Pacific,P083543,P083543C1S29,2011,Gravel Resurfacing,30.5,0.310795,0.01019
Lao PDR,East Asia and Pacific,P083543,P083543C1S3,2011,Gravel Resurfacing,19.0,0.082601,0.0043474210526315785
Lao PDR,East Asia and Pacific,P083543,P083543C1S30,2011,Gravel Resurfacing,24.2,0.085305,0.0035250000000000004
Lao PDR,East Asia and Pacific,P083543,P083543C1S31,2011,Gravel Resurfacing,17.0,0.061404,0.003612
Lao PDR,East Asia and Pacific,P083543,P083543C1S32,2011,Gravel Resurfacing,44.3,0.22624009999999997,0.0051069999999999996
Lao PDR,East Asia and Pacific,P083543,P083543C1S33,2011,Gravel Resurfacing,43.0,0.204465,0.0047550000000000005
Lao PDR,East Asia and Pacific,P083543,P083543C1S34,2011,Gravel Resurfacing,11.0,0.0759,0.0069
Lao PDR,East Asia and Pacific,P083543,P083543C1S35,2011,Gravel Resurfacing,16.5,0.082104,0.0049759999999999995
Lao PDR,East Asia and Pacific,P083543,P083543C1S36,2011,Gravel Resurfacing,30.6,0.13154939999999998,0.004298999999999999
Lao PDR,East Asia and Pacific,P083543,P083543C1S38,2011,Gravel Resurfacing,4.3,0.026273,0.006110000000000001
Lao PDR,East Asia and Pacific,P083543,P083543C1S39,2011,Gravel Resurfacing,90.5,0.49956,0.00552
Lao PDR,East Asia and Pacific,P083543,P083543C1S40,2011,Gravel Resurfacing,33.4,0.1892778,0.005667
Lao PDR,East Asia and Pacific,P083543,P083543C1S7,2011,Gravel Resurfacing,19.0,0.113151,0.005955315789473684
Lao PDR,East Asia and Pacific,P083543,P083543C1S8,2011,Gravel Resurfacing,32.0,0.217972,0.006811625
Lao PDR,East Asia and Pacific,P083543,P083543C1S9,2011,Gravel Resurfacing,32.0,0.405902,0.0126844375
Lesotho,Sub-Saharan Africa,"AfDB loan number: CS/LES/TR/86/18
","AfDB loan number: CS/LES/TR/86/18
C1",1991,Upgrading,22.0,11.088148714233974,0.5040067597379079
Lesotho,Sub-Saharan Africa,"AfDB loan numbers: F/LES/TRA-ROD/87/20 & F/LES/ROD/93/SUP/8
","AfDB loan numbers: F/LES/TRA-ROD/87/20 & F/LES/ROD/93/SUP/8
C1",1997,Upgrading,109.0,73.07677968309095,0.6704291714045041
"Macedonia, FYR",Europe and Central Asia,P107840,P107840C1S1,2016,Reconstruction,19.1,2.5097714285714283,0.13140164547494387
"Macedonia, FYR",Europe and Central Asia,P107840,P107840C1S10,2016,Reconstruction,13.2,2.2092,0.16736363636363638
"Macedonia, FYR",Europe and Central Asia,P107840,P107840C1S11,2016,Reconstruction,24.4,3.2611999999999997,0.13365573770491804
"Macedonia, FYR",Europe and Central Asia,P107840,P107840C1S2,2016,Reconstruction,35.4,3.682,0.10401129943502825
"Macedonia, FYR",Europe and Central Asia,P107840,P107840C1S3,2016,Reconstruction,33.4,4.598742857142857,0.1376869118905047
"Macedonia, FYR",Europe and Central Asia,P107840,P107840C1S4,2016,Reconstruction,14.3,1.4878285714285713,0.10404395604395603
"Macedonia, FYR",Europe and Central Asia,P107840,P107840C1S5,2016,Reconstruction,25.5,4.478514285714286,0.1756280112044818
"Macedonia, FYR",Europe and Central Asia,P107840,P107840C1S6,2016,Reconstruction,24.2,6.687714285714286,0.27635182998819363
"Macedonia, FYR",Europe and Central Asia,P107840,P107840C1S7,2016,Reconstruction,38.2,5.981371428571428,0.1565804038893044
"Macedonia, FYR",Europe and Central Asia,P107840,P107840C1S8,2016,Reconstruction,37.0,5.801028571428571,0.15678455598455596
"Macedonia, FYR",Europe and Central Asia,P107840,P107840C1S9,2016,Reconstruction,18.8,2.2843428571428572,0.12150759878419452
Madagascar,Sub-Saharan Africa,P073689,P073689C1,2013,Reconstruction,1400.0,28.0,0.02
Madagascar,Sub-Saharan Africa,P082806,P082806C1S3,2013,Gravel Resurfacing,183.0,5.861673,0.032031
Malawi,Sub-Saharan Africa,AfDB loan F/MLW/AGR(RD)/87/15,AfDB loan F/MLW/AGR(RD)/87/15C1,1999,Upgrading,65.0,0.04296733212341198,0.0006610358788217228
Mali,Sub-Saharan Africa,P090075,P090075C1,2016,Gravel Resurfacing,2485.0,76.77,0.030893360160965794
Mauritius,Sub-Saharan Africa,P091828,P091828C1S2,2015,Reconstruction,5.0,3.752039505196851,0.7504079010393702
Mauritius,Sub-Saharan Africa,P091828,P091828C1S3,2015,Reconstruction,8.0,6.384996873700787,0.7981246092125984
Mauritius,Sub-Saharan Africa,P091828,P091828C1S4,2015,Reconstruction,4.0,2.231321564409449,0.5578303911023622
Mexico,Latin America and Caribbean,P065779,P065779C1S1,2007,Reconstruction,14.4,1.54,0.10694444444444444
Mexico,Latin America and Caribbean,P065779,P065779C1S10,2007,Reconstruction,11.9,3.08,0.25882352941176473
Mexico,Latin America and Caribbean,P065779,P065779C1S11,2007,Reconstruction,3.0,0.74,0.24666666666666667
Mexico,Latin America and Caribbean,P065779,P065779C1S12,2007,Reconstruction,12.5,1.2,0.096
Mexico,Latin America and Caribbean,P065779,P065779C1S13,2007,Reconstruction,9.0,2.07,0.22999999999999998
Mexico,Latin America and Caribbean,P065779,P065779C1S14,2007,Reconstruction,3.4,1.53,0.45
Mexico,Latin America and Caribbean,P065779,P065779C1S15,2007,Reconstruction,15.4,1.91,0.12402597402597401
Mexico,Latin America and Caribbean,P065779,P065779C1S16,2007,Reconstruction,9.2,1.26,0.13695652173913045
Mexico,Latin America and Caribbean,P065779,P065779C1S17,2007,Reconstruction,25.0,0.53,0.0212
Mexico,Latin America and Caribbean,P065779,P065779C1S18,2007,Reconstruction,11.0,1.55,0.1409090909090909
Mexico,Latin America and Caribbean,P065779,P065779C1S19,2007,Reconstruction,10.5,2.05,0.1952380952380952
Mexico,Latin America and Caribbean,P065779,P065779C1S2,2007,Reconstruction,11.0,0.8,0.07272727272727274
Mexico,Latin America and Caribbean,P065779,P065779C1S20,2007,Reconstruction,21.0,4.94,0.23523809523809525
Mexico,Latin America and Caribbean,P065779,P065779C1S23,2007,Reconstruction,4.0,0.55,0.1375
Mexico,Latin America and Caribbean,P065779,P065779C1S24,2007,Reconstruction,6.5,0.7,0.10769230769230768
Mexico,Latin America and Caribbean,P065779,P065779C1S3,2007,Reconstruction,3.0,0.17,0.05666666666666667
Mexico,Latin America and Caribbean,P065779,P065779C1S39,2007,Reconstruction,7.0,2.25,0.32142857142857145
Mexico,Latin America and Caribbean,P065779,P065779C1S4,2007,Reconstruction,9.0,0.85,0.09444444444444444
Mexico,Latin America and Caribbean,P065779,P065779C1S41,2007,Reconstruction,30.0,2.9,0.09666666666666666
Mexico,Latin America and Caribbean,P065779,P065779C1S44,2007,Reconstruction,11.5,3.6,0.3130434782608696
Mexico,Latin America and Caribbean,P065779,P065779C1S5,2007,Reconstruction,11.0,1.04,0.09454545454545454
Mexico,Latin America and Caribbean,P065779,P065779C1S6,2007,Reconstruction,10.0,1.54,0.154
Mexico,Latin America and Caribbean,P065779,P065779C1S8,2007,Reconstruction,17.0,1.16,0.06823529411764706
Mexico,Latin America and Caribbean,P065779,P065779C1S9,2007,Reconstruction,10.0,3.91,0.391
Mongolia,East Asia and Pacific,P056200,P056200C1,2008,Upgrading,433.0,40.83,0.09429561200923788
Morocco,Middle East and North Africa,P082754,P082754C1,2011,Reconstruction,520.0,54.18465227817746,0.1042012543811105
Morocco,Middle East and North Africa,P082754,P082754C1S1,2011,Reconstruction,18.7,1.5815347721822541,0.08457405198835584
Morocco,Middle East and North Africa,P082754,P082754C1S10,2011,Reconstruction,8.8,1.4436450839328536,0.16405057771964243
Morocco,Middle East and North Africa,P082754,P082754C1S11,2011,Reconstruction,9.5,0.9568345323741008,0.10071942446043165
Morocco,Middle East and North Africa,P082754,P082754C1S12,2011,Reconstruction,28.9,1.288968824940048,0.04460099740276983
Morocco,Middle East and North Africa,P082754,P082754C1S2,2011,Reconstruction,27.6,3.143884892086331,0.11390887290167866
Morocco,Middle East and North Africa,P082754,P082754C1S3,2011,Reconstruction,7.7,0.7170263788968826,0.09312030894764708
Morocco,Middle East and North Africa,P082754,P082754C1S4,2011,Reconstruction,13.7,1.1450839328537172,0.08358276882143922
Morocco,Middle East and North Africa,P082754,P082754C1S5,2011,Reconstruction,10.1,0.8836930455635492,0.08749436094688606
Morocco,Middle East and North Africa,P082754,P082754C1S6,2011,Reconstruction,18.5,1.824940047961631,0.098645407997926
Morocco,Middle East and North Africa,P082754,P082754C1S7,2011,Reconstruction,11.5,0.9376498800959233,0.0815347721822542
Morocco,Middle East and North Africa,P082754,P082754C1S8,2011,Reconstruction,11.2,0.9376498800959233,0.08371873929427888
Morocco,Middle East and North Africa,P082754,P082754C1S9,2011,Reconstruction,13.0,1.4136690647482013,0.10874377421140011
Mozambique,Sub-Saharan Africa,P001785,P001785C1,2007,Reconstruction,827.0,161.0,0.1946795646916566
Namibia,Sub-Saharan Africa,"AfDB loan number: F/NAM/ROD/92/1
","AfDB loan number: F/NAM/ROD/92/1
C1",1995,Upgrading,75.0,24.272043727598568,0.32362724970131423
Nepal,South Asia,P083923,P083923C1S1,2014,Upgrading,1741.0,45.62,0.02620333141872487
Nepal,South Asia,P083923,P083923C1S2,2014,Upgrading,140.0,5.32,0.038
Nicaragua,Latin America and Caribbean,P068673,P068673C2,2007,Upgrading,287.0,28.3,0.09860627177700348
Nicaragua,Latin America and Caribbean,P083952,P083952C2,2015,Reconstruction,361.0,86.73,0.24024930747922438
Pakistan,South Asia,P010556,P010556C1S15,2013,Reconstruction,68.0,14.279056762046789,0.20998612885362924
Pakistan,South Asia,P010556,P010556C1S4,2013,Reconstruction,86.0,16.37617671730823,0.19042065950358406
Pakistan,South Asia,P010556,P010556C1S5,2013,Reconstruction,50.0,14.512070090409171,0.2902414018081834
Pakistan,South Asia,P010556,P010556C1S6,2013,Reconstruction,47.0,11.138037095721876,0.23697951267493353
Pakistan,South Asia,P128966,P128966C1,2016,Upgrading,50.0,13.44,0.2688
Papua New Guinea,East Asia and Pacific,P054238,P054238C1,2008,Reconstruction,21.0,23.09,1.0995238095238096
Papua New Guinea,East Asia and Pacific,P004397,P004397C1S2,2012,Reconstruction,622.4,90.95145631067962,0.1461302318616318
Papua New Guinea,East Asia and Pacific,P004397,P004397C2S2,2012,Reconstruction,156.0,15.63106796116505,0.10019915359721186
Paraguay,Latin America and Caribbean,P082026,P082026C2,2016,Reconstruction,143.0,26.34,0.1841958041958042
Paraguay,Latin America and Caribbean,P082026,P082026C2S1,2016,Reconstruction,35.7,6.87,0.19243697478991595
Paraguay,Latin America and Caribbean,P082026,P082026C2S2,2016,Reconstruction,35.5,6.19,0.1743661971830986
Paraguay,Latin America and Caribbean,P082026,P082026C2S3,2016,Reconstruction,14.7,3.26,0.22176870748299318
Peru,Latin America and Caribbean,P044601,P044601C1,2007,Reconstruction,4692.0,65.33,0.013923699914748507
Peru,Latin America and Caribbean,P078813,P078813C1,2014,Reconstruction,5103.0,141.49,0.027726827356456988
Peru,Latin America and Caribbean,P078813,P078813C1S1,2014,Reconstruction,1562.0,102.36,0.06553137003841229
Peru,Latin America and Caribbean,P078813,P078813C1S2,2014,Gravel Resurfacing,3541.0,28.23,0.007972324202202768
Peru,Latin America and Caribbean,P095570,P095570C1,2014,Gravel Resurfacing,13439.0,129.8,0.00965845673041149
Peru,Latin America and Caribbean,P095570,P095570C1S1,2014,Reconstruction,3277.0,81.374046,0.02483187244430882
Peru,Latin America and Caribbean,P095570,P095570C1S2,2014,Gravel Resurfacing,7806.0,40.00238,0.005124568280809634
Peru,Latin America and Caribbean,P095570,P095570C1S3,2014,Reconstruction,2356.0,6.39912,0.002716095076400679
Philippines,East Asia and Pacific,P039019,P039019C1S1,2008,Upgrading,84.8,23.2996632996633,0.27476018042055783
Philippines,East Asia and Pacific,P039019,P039019C1S2,2008,Upgrading,48.3,22.44668911335578,0.4647347642516725
Philippines,East Asia and Pacific,P039019,P039019C1S3,2008,Upgrading,46.2,8.170594837261504,0.17685270210522736
Philippines,East Asia and Pacific,P039019,P039019C1S4,2008,Upgrading,45.2,11.245791245791246,0.24880069127856735
Philippines,East Asia and Pacific,P039019,P039019C1S5,2008,Upgrading,52.6,11.986531986531988,0.22788083624585528
Philippines,East Asia and Pacific,P039019,P039019C1S8,2008,Upgrading,46.1,9.248035914702582,0.2006081543319432
Philippines,East Asia and Pacific,P039019,P039019C1S9,2008,Upgrading,59.1,17.19416386083053,0.290933398660415
Philippines,East Asia and Pacific,P057731,P057731C1S1,2011,Reconstruction,3.6900000000000004,1.12,0.3035230352303523
Philippines,East Asia and Pacific,P057731,P057731C1S2,2011,Reconstruction,2.42,2.18,0.9008264462809918
Philippines,East Asia and Pacific,P057731,P057731C1S3,2011,Reconstruction,27.200000000000003,13.51,0.4966911764705882
Philippines,East Asia and Pacific,P057731,P057731C1S4,2011,Reconstruction,11.8,12.77,1.0822033898305083
Samoa,East Asia and Pacific,P075523,P075523C1S3,2014,Upgrading,3.93,2.32,0.5903307888040712
Senegal,Sub-Saharan Africa,P055472,P055472C1,2009,Reconstruction,27.0,87.74,3.2496296296296294
Sierra Leone,Sub-Saharan Africa,P078389,P078389C1,2014,Gravel Resurfacing,376.0,26.28,0.0698936170212766
Sri Lanka,South Asia,P086411,P086411C1,2016,Upgrading,157.0,13.07,0.08324840764331211
Sudan,Sub-Saharan Africa,P095081,P095081C1S1,2013,Upgrading,170.0,29.43,0.17311764705882352
Sudan,Sub-Saharan Africa,P095081,P095081C1S3,2013,Gravel Resurfacing,579.0,6.08,0.010500863557858377
Sudan,Sub-Saharan Africa,P098837,P098837C1,2013,Upgrading,131.0,101.91,0.7779389312977099
Tanzania,Sub-Saharan Africa,P078387,P078387C1S1,2010,Upgrading,115.4,55.01,0.4766897746967071
Tanzania,Sub-Saharan Africa,P078387,P078387C1S2,2010,Upgrading,56.0,16.28,0.29071428571428576
Uganda,Sub-Saharan Africa,P074079,P074079C1S1,2012,Upgrading,123.0,103.51,0.8415447154471545
Uganda,Sub-Saharan Africa,P074079,P074079C1S2,2012,Upgrading,15.0,57.72,3.848
Uganda,Sub-Saharan Africa,P065436,P065436C1S1,2009,Upgrading,62.5,17.53,0.28048
Uganda,Sub-Saharan Africa,P065436,P065436C1S2,2009,Upgrading,45.55,18.48,0.4057080131723381
Ukraine ,Europe and Central Asia,P100580,P100580C1,2015,Reconstruction,150.6,171.24833997343956,1.137107171138377
Uruguay,Latin America and Caribbean,P057481,P057481C1S1,2012,Reconstruction,15.0,5.69,0.37933333333333336
Uruguay,Latin America and Caribbean,P057481,P057481C1S2,2012,Reconstruction,12.5,3.5,0.28
Uruguay,Latin America and Caribbean,P057481,P057481C1S3,2012,Reconstruction,22.0,13.257,0.6025909090909091
Vietnam,East Asia and Pacific,P059864,P059864C1,2007,Gravel Resurfacing,7599.0,139.38,0.01834188709040663
"Yemen, Rep.",East Asia and Pacific,P070391,P070391C1,2007,Reconstruction,229.0,10.55,0.046069868995633194
"Yemen, Rep.",East Asia and Pacific,P070391,P070391C2,2007,Upgrading,397.0,43.68,0.11002518891687657
"Yugoslavia, FR (Serbia/Montenegro)",Europe and Central Asia,P075207,P075207C1S1,2013,Reconstruction,20.9,4.17,0.1995215311004785
"Yugoslavia, FR (Serbia/Montenegro)",Europe and Central Asia,P075207,P075207C1S2,2013,Reconstruction,18.8,3.43,0.1824468085106383
"Yugoslavia, FR (Serbia/Montenegro)",Europe and Central Asia,P075207,P075207C1S3,2013,Reconstruction,10.3,3.72,0.3611650485436893
"Yugoslavia, FR (Serbia/Montenegro)",Europe and Central Asia,P075207,P075207C1S4,2013,Reconstruction,33.9,4.5,0.13274336283185842
Zambia,Sub-Saharan Africa,AfDB project - P –Z1-DB0 -063 ,AfDB project - P –Z1-DB0 -063 C1,2017,Reconstruction,114.7,74.555,0.65
